題目編號,題目,答題選項1,答題選項2,答題選項3,答題選項4,答案編號
1,下列哪一個天體無法在子夜時分使用臺北天文館頂樓望遠鏡進行觀測？,月球(Moon),灶神星(Vesta),水星(Mercury) ,海王星(Neptune),3
2,某個黃昏傍晚時，天空中有一彎月牙，同時有顆肉眼可見的彗星在地平上約20度仰角處，彗尾朝上；下列那項敘述正確？,新月在西方；彗星在西方,殘月在西方；彗星在西方,殘月在東方；彗星在東方,新月在東方；彗星在東方,1
3,地球公轉太陽的軌道呈橢圓形，請問下列關於地球和太陽間距離變化的描述，何者正確？,距太陽近時容易發生日全食，距太陽遠時容易發生日環食,距太陽近時節氣間隔比較短，距太陽遠時節氣間隔比較長,距太陽近時視太陽日長，距太陽遠時視太陽日短,距太陽近為夏天，距太陽遠為冬天,2
4,地球與下列哪個天體的體積大小最相近？,月球,火星,水星,金星,4
5,月食發生時，當晚的月相為？,新月,上弦,滿月,下弦,3
6,目前還能聯繫到的太空船中，已航行至離地球最遠的是？,先鋒10號(Pioneer 10),新視野號(New Horizons),航海家1號(Voyager 1) ,航海家2號(Voyager 2),3
7,2020年諾貝爾物理獎獲獎人之一的加州大學洛杉磯分校的安德烈婭·吉茲(Andrea Ghez)是諾貝爾物理獎史上第四位女性獲獎者。其獲獎的理由是？,發現宇宙微波背景輻射而成為大霹靂理論的有力證據,找到銀河系中心有約400萬倍太陽質量的超大質量黑洞的有力證據,提出恆星能量核融合反應的理論,透過遠距離Ia型超新星的觀測發現宇宙正在加速膨脹,2
8,2020年春分在3月20日中午11時50分；當晚19時50分，下列那顆星最接近中天（通過南北的子午線）？,參宿四（獵戶座α，赤經5h55m）,五帝座一（獅子座β，赤經11h49m）,北河三（雙子座β，赤經7h45m）,河鼓二（天鷹座α，赤經19h49m）,3
9,下列那一類天體不在梅西爾星表中？,螺旋星系,瀰漫星雲,球狀星團,非週期彗星,4
10,在電影星際效應(Interstellar)中，有組太空人到達一個富含水的行星。可是他們不能在上面停留太久，因為在上面的1小時相當於地球上的7年。下列何者是造成這個現象最主要的原因？,太空人們在穿越蟲洞時留下的時間差,太空船在它表面上起降的速度太快,該行星繞行中心黑洞的公轉速度太快,行星表面的重力場太強,4
11,內行星處於下列哪個位置時有機會發生凌日？,上合 (外合),下合 (內合),東大距,衝,2
12,下列何者是我國現行曆法一年的長度？,恆星年,平年,回歸年,食年,3
13,據研究編號 HDE226868 的星與一個黑洞互繞。既然黑洞不會發光，我們如何知道黑洞存在呢？,HDE226868 的物質被吸入黑洞時會發出高能量的伽瑪射線,天空中那塊區域明顯沒有背景星球，有如空洞一般,黑洞有時會擋住 HDE226868 的光線,該系統發出重力波,1
14,地球進動會造成下列那種現象？,大陸漂移,春分點漂移,太陽東升位置南北漂移,磁北極漂移,2
15,下列那一個星座位在臺灣的恆隱圈中？,劍魚座,山案座,蝎虎座,鹿豹座,2
16,太陽黑子的數目成週期變化，其週期大約為多少年？,1,11,100,365,2
17,處在月球表面某地的太空人，有機會觀察到下列何種現象？,地球的盈虧變化週期為一個月,因為地球比月球大的多，所以每個月會發生一次日食,地球從地平線升起到落下間隔時間約半個月,太空人若停留超過半個月會因為轉到月球背面而無法與地面通訊,1
18,下列關於流星的敘述，何者正確？,流星雨是來自同一顆隕石的碎片,流星的來源不僅僅是彗星或小行星所遺留下來的碎片,流星燃燒時的物體稱為流星體,流星在尚未進入地球大氣層之前統稱為小行星,2
19,下列各天體何者在空間中跨越尺度最大？,M13 (球狀星團),M27 (啞鈴星雲),M31 (仙女座星系),M42 (獵戶座星雲),3
20,愛因斯坦環是因何原因造成的？,星系團的重力透鏡,類星體磁場造成的則曼效應(Zeeman effect),光學望遠鏡的像差,日全食時的日暈,1
21,天文學家發現木星的衛星埃歐(Io)有火山活動的跡象，此現象說明埃歐內部仍然存在熔融態的地函。下列何者是其主要原因？,埃歐的體積太大，以致於自太陽系形成以來尚未完全降溫,不斷的隕石撞擊對埃歐帶來新的能量,木星對埃歐的引潮力作用,埃歐形成的時間比木星晚的多,3
22,首先以天文望遠鏡觀察並記錄木星有四顆衛星的科學家是下列何者？,哥白尼(Nicolaus Copernicus),伽利略(Galileo Galilei),牛頓(Isaac Newton),愛因斯坦(Albert Einstein),2
23,地球繞行太陽，時速與下列何者最接近？,1000公里,1萬公里,10萬公里,100萬公里,3
24,下列關於重力波的描述，何者正確？,重力波的傳遞速度也是光速，雖然它的產生機制與電磁波無關,雙星系統互繞、合併是產生重力波的唯一途徑,黑洞互繞、合併除了產生重力波，也是宇宙中重元素的主要來源,目前為止尚未發現中子星環繞黑洞產生重力波的例子,1
25,通常電波望遠鏡觀測站附近，不得在無保護措施下裝設下列哪一種設備？,咖啡壺,室內電話,電腦,微波爐,4
26,古籍記載「熒惑守心」是不祥之兆，可能意味著將發生戰亂、政權轉移或飢荒疾病等。這個天象中的「熒惑」是指？,水星,金星,穀神星,火星,4
27,太陽於8月中旬到9月中通過獅子座，下列敘述何者正確？,這段期間可觀看精彩的獅子座流星雨,這段期間的夜晚不能看到獅子座,這段期間銀河通過獅子座的範圍,這段期間的傍晚可見獅子座東昇,2
28,主序帶上的恆星質量最大約為太陽的150倍。造成此極限的原因為何？,質量太大的恆星中心溫度過高，無法穩定的將氫融合為氘,星際介質無法提供足夠的物質，以形成質量太大的恆星,質量太大的恆星表面溫度過高，無法束縛恆星表面的物質,質量太大的恆星引力太大，會直接塌縮成黑洞,3
29,下列何者不是金星凌日比水星凌日發生頻率低很多的原因？,金星的會合週期比水星大,金星與黃道面的最大距離比水星大,金星的公轉半徑比水星大,金星公轉軌道面與黃道面的交角比水星大,4
30,下列何者是矮行星的特徵？,質量太小，不足以維持適當的大氣層,質量夠大，足以克服固體應力，以達到接近流體靜力平衡的球形,不具有（矮）行星環,不具有衛星,2
31,外行星的會合運動方程式為1/S=1/E-1/P，其中S為會合周期，P為行星公轉周期，E為地球公轉周期。已知地球公轉一周約365.25天，火星繞太陽公轉一週約需687天，則火星與地球的會合周期約為？,332天,365天,687天,779天,4
32,承上題，火星在2020/10/14衝，若不論行星公轉軌道速度造成的差異，則由上述會合周期可推出下一次衝的日期應該會是？,2021/9/11,2021/10/14,2022/9/1,2022/12/2,4
33,有關於宇宙背景輻射的敘述，下列何者正確？,經由X射線波段量測得知,在宇宙中並非各處均勻，高低溫差大約3K,1960年代首度測得,愛因斯坦利用相對論預言其存在,3
34,每年12月中旬的雙子座流星雨，其流星體的來源可能是？,彗星,小行星,月球,火星,2
35,"某三顆星球皆屬於同樣星團的成員，它們的絕對星等分別為 3,-1,-6，從地球看，這三顆星當中哪顆最明亮？",第一顆,第二顆,第三顆,視情況而定,3
36,如果太陽的位置突然被一個與太陽質量相同的黑洞所取代，我們在地球上會感受到下列哪種現象? ,地球會因為黑洞而被甩開，終將遠離黑洞,地球公轉週期不變，但再也看不到月亮的盈虧,地球會愈來愈靠近黑洞，最終將被吸入黑洞內,地球的公轉無法預測，但在黑洞的方向上將看到星空被扭曲,2
37,如要執行太空任務時，最後階段太空船必須減速才能平安登陸天體表面。下列哪一個天體不適合用降落傘來讓太空船減速？,金星,火星,泰坦,穀神星,4
38,目前因地球與月球之間的潮汐作用影響，使月球正在以每年3.8公分的速度遠離地球中。這將造成未來最不可能看見下列日月食天象中的哪一種？,日偏食,日環食,日全食,半影月食,3
39,火星之所以有「逆行現象」是因為下列何種原因？,地球距離太陽比火星近，公轉一圈所需時間比較短,火星的軌道受到大行星影響而有不規則現象,火星偏紅的外觀造成的錯覺,以上皆是,1
40,下列關於銀河系內事物的描述，何者正確？,球狀星團主要分布於其星系盤面上,疏散星團的年齡平均而言比球狀星團年輕,旋臂是因為恆星繞行星系中心的速度不均勻所造成的,觀測上發現星系的質量集中在恆星上,2
41,下列何者在天文學發展史上曾經一度被視為行星，但目前被改列為矮行星？,月球,火星,穀神星,鬩神星,3
42,一個陰曆月當中，何時月球距離太陽最遠？,朔,上弦,望,下弦,3
43,主序帶上光譜型為A型的恆星，具有下列何項特徵？,光譜中的氫譜線十分顯著,發光強度大都比太陽低,表面溫度大都偏低約4000K,以上皆非,1
44,下列何種星體的光度變化，不是由其本身物理機制造成？,超新星爆炸,食變星,造父變星,米拉變星,2
45,下列哪一個選項所表示的兩個年份都是閏年？,2020、2100,2000、2200,2300、2400,2368、2400,4
46,金星是天空中除日月外最亮的天體。下列哪一項不是使金星視亮度非常明亮的主因？,距離地球很近,表面覆蓋大量硫酸雲,體積很大,距離太陽很近,3
47,近年來不斷有各種太空船去探索太陽系內的小行星與彗星，甚至嘗試攜帶樣品回到地球提供科學家們分析。最重要的原因是？,小行星及彗星上保有太陽系形成初期的成份，有助於了解太陽系的起源,小行星及彗星的分化作用比較簡單，有助於了解行星上的類似作用,小行星及彗星是造成地球生態浩劫的元兇，有必要了解這些潛在的威脅,小行星及彗星對有機分子的合成有重要貢獻，有助於了解生命的起源,1
48,下列關於兩顆中子星互繞、合併的描述，何者不正確？,中子星合併是宇宙中重元素的重要來源之一,我們已經觀測到這個現象所引發的微中子,我們已經觀測到這個現象所引發的重力波,我們已經觀測到這個現象所引發的伽瑪射線,2
49,天文學家為了解釋宇宙加速膨脹現象，因而提出可能佔宇宙總質能量最多的是？,暗能量,暗物質,星系團,星系際熾熱氣體,1
50,有關火星的敘述，下列何者正確？,每年地球上可見一次衝，距離最近,有探測器登陸採集表面土壤，並返回地球 ,大氣比地球稀薄，表面無風,雖體積小，但目前有太陽系行星中最高的山峰,4
51,下列何地的觀測者在一年當中能夠觀測到最大範圍的星空？,臺灣 ,印尼,日本,澳洲,2
52,一般相信時空有個起點，俗稱為「大霹靂」。下列有關大霹靂的敘述，何者不正確？,大霹靂發生於大約138億年前,大霹靂之後的高溫引發了核融合反應,宇宙龐大的引力使得輻射產生紅移，強度集中在微波波段,目前在宇宙中沒有發現更老的天體,3
53,下列哪些元素(或同位素)大部分是在大霹靂之後的最初三分鐘形成？,氫、氦、氖,鋰、氧、氬,氦、硼、鎂,氫、氘、鋰,4
54,有關臺北天文館小行星(300300 TAM，2007PL12)的敘述，下列何者正確？,由臺北天文館同仁所發現,2007年發現至今，已經有300300次的觀測，才得到這個正式編號,每300年靠近地球1次,是當年8月發現的第311顆小行星,4
55,如果地球沒有大氣，下列哪個結果最有可能出現在地球上？,沒有流星了,沒有磁場了,月亮沒有陰晴圓缺,地表會發生大洪水,1
56,傳說農曆七夕牛郎與織女相會，當天夜晚可能發生下列那一現象？,天黑後月亮在東方升起,牛郎與織女的赤經座標相同,月食,以上皆非,4
57,天文學家發現土星的衛星泰坦(Titan)表面具有大氣層。關於這個大氣層的敘述，下列何者正確？,泰坦的大氣十分濃密，從地球就能確認其具有大氣層,泰坦的表面重力比地球小，大氣主要由分子量大的二氧化碳所組成,泰坦的半徑比地球小，它的大氣厚度因此比地球的小,泰坦距離太陽比地球遠，溫度低，它的大氣厚度因此比地球的小,1
58,下列對於日地關係的描述，何者正確？,一年四季不論日照長短，太陽都會從正東方昇起,夏天較冬天炎熱，是因為我們在夏天距太陽比較近,地球公轉太陽的平均半徑會隨著時間而逐漸加大,數十億年後度地球上的溫度會隨著太陽發光強度的逐漸增加而上升,4
59,宇宙太空裡時常會觀測到兩個星系互相接近，使得兩星系彼此間產生重力交互作用的狀況，此時下列哪一個現象最不可能發生？,星系核心的大質量黑洞變大,旋臂數量增加,出現潮汐尾,恆星誕生率暴增,2
60,有關哈伯定律的說明，何者正確？,波源與我們的相對速度會影響我們觀測到的波長,氣體壓力與溫度成正比,星系離我們遠去的速率與其和我們的距離成正比,黑子在太陽表面出現的緯度成週期變化,3
61,科學家對於在其他行星或衛星探勘「水」的存在有興趣，下列哪一項不是主要原因？,水可以分解而取得重要的氫氣做為核燃料,水是太空殖民的重要物資,水是生命活動的關鍵物質,水可以調節氣候,4
62,下列關於太陽系內天體之間引潮力的描述，何者正確？,引潮力總是造成衛星遠離其行星,引潮力總是使行星的自轉週期變長,引潮力的大小與距離的立方成反比,太陽距離太遠，不需要考慮它所造成的引潮力,3
63,克卜勒(Johannes Kepler)於1609年及1619年提出了行星運行的三大定律。以牛頓力學的觀點來看，下列關於克卜勒行星運行三定律的描述，何者正確？,行星繞行太陽的軌道為橢圓，且太陽位處橢圓的中心,行星繞行太陽的速度不隨時間改變,行星繞行太陽的週期與公轉軌道平均半徑的關係，來自重力的大小與距離平方成反比,行星繞行太陽的週期與公轉軌道平均半徑的平方成正比,3
64,某顆10等星經過觀察發現是雙星，亮度比例為1比1，則個別恆星的星等最接近幾等？,5,9.25,10.75,11,3
65,太陽直徑大約是地球的109倍，所以兩者的體積相差大約幾倍？,100,"10,000","1,000,000","100,000,000",4
66,下列對於地月關係的描述，何者正確？,地球與月球之間的潮汐力會使一天的長度逐漸變長,地球與月球之間的距離會因為地球引力而變小,一年的天數和月球無關，所以不會改變,月球公轉地球的週期是不會改變的,1
67,太陽的活動周期會影響太陽的許多現象。當太陽處在活動極大期時，下列哪一項描述是錯誤的？,太陽黑子的數量極多,太陽的磁場結構很規律,頻繁發生太陽閃焰爆發,太陽所發出的X射線輻射很高,2
68,當太陽演化離開主序階段時，其核心主要的成分為？,氘,氦,碳,鐵,2
69,下列關於彗星的敘述，何者正確？,彗星由彗髮、塵埃尾、離子尾等三個部份組成,彗尾是因為慣性、輻射壓力及太陽風所造成,彗尾的方向永遠以180°背對太陽,我們所看到的流星都是來自於彗尾的殘留,2
70,太陽自轉一圈大約需時多久？,1天,1週,1個月,以上皆非，太陽根本不會自轉,3
71,冬季長夜有著一年四季中最熱鬧的星空。冬季亮星中，畢宿五、五車二、北河二、北河三、參宿四、參宿七、天狼星、南河三，表面溫度最高與最低的兩顆星分別是（聯星系統者以主星為準）？,參宿七和參宿四,天狼星和五車二,南河三和北河三,參宿七和畢宿五,1
72,下列關於金牛座T型星的敘述，何者正確？,是恆星演化成白矮星之前的狀態,是超新星爆炸之前的狀態,我們的太陽未來會經歷到此狀態,內部尚未進行氫的核融合反應,4
73,太陽風是下列何者？,日冕噴發出來的帶電物質,太陽死亡前噴發的雲氣,色球磁場造成的圓弧狀結構,太陽形成時吸積的氣體與塵埃,1
74,李白的詩句有：「今人不見古時月，今月曾經照古人」。如果在李白的時代觀星，估計一晚可看見多少顆星星？,6000,600,60,60000,1
75,下列關於天球座標系統的描述，何者正確？,黃道座標系統是計算太陽系內天體運動最方便的座標系統,銀河座標系統與黃道座標系統之間的夾角為23.5?,銀河座標系統的座標原點一定為銀河系中心,赤道座標系統的座標原點一定為地心,1
76,月球「永遠以同一面對向地球」，這是因為下列何種原因所造成?,月球受到地球重力牽引,月球的背面隕石坑較多,地球的自轉與月球公轉週期相同,地球中心包含較重的元素,1
77,天體發出哪個波段的電磁波完全無法到達地球表面？,X射線,紫外線,可見光,無線電波,1
78,根據國際天文聯合會IAU的資料，目前太陽系行星中，擁有最多衛星的是下列何者？,木星,土星,天王星,海王星,2
79,下列關於流星雨的敘述，何者正確？,同一流星雨的流星在地球大氣層內行進的速度都差不多,同一流星雨在每年的輻射點位置都是固定不動的,同一流星雨在每年所觀測到的數量都差不多,上半夜通常比下半夜更適合觀測流星雨,1
80,下列天體中，何者與其他三個的成分最不相似？,木星,小行星,月球,隕石,1
81,下列何者不是矮行星？,鬩神星,智神星,穀神星,冥王星,2
82,太陽為黃色恆星，織女星呈現藍白色，參宿四為紅橙色，火星亦呈紅橙色，下列敘述何者正確？,織女星的表面溫度最高,參宿四的表面溫度最低,火星看起來最明亮,太陽的實際發光能力最強,1
83,光害影響天文觀測至深。下列哪一項不是能減少光害、保護星空的措施？,室外照明增加燈罩，使燈光集中向下而不會向上漫射,住家加裝不透光窗簾，阻止光線洩漏,隨手關燈,路燈改用紅色LED燈,4
84,關於廿四節氣的說明，下列何者錯誤？,春分時，陽光直射赤道,北半球的夏至，就是南半球的冬至,清明約略落在農曆4月5日,昨天(11月7日)是立冬,3
85,有關於前陣子在金星上發現磷化氫(PH3)的科學新聞，下列何者解讀較正確？,金星上已經發現生命,磷化氫過去只在地球上發現,這是科學家為了爭取預算，譁眾取寵的假新聞,金星上若有生命存在，表示太陽系以外的區域有生命存在的可能性大為提高,4
86,下列關於星座的描述何者正確？,全天共有 88 個星座,天空中有許多區域不屬於任何星座,星座的邊界隨著行星運行而改變,只有足夠明亮的恆星才屬於星座成員,1
87,古文「人生不相見，動如參與商，…」。文中的商星位於哪個星座？,獵戶座,獅子座,天蠍座,長蛇座,3
88,月球始終以同一面朝向地球，下列敘述何者正確？,月球沒有自轉,月球的自轉週期與公轉週期相同,月球的自轉週期與月相變化週期相同,以上皆非,2
89,秒差距 (parsec，縮寫為 pc) 是天文學中很常使用的長度單位。在一個三角形中，當一個天文單位 (1AU  =  1.5  × 108 km) 所對應的角度為 1 角秒時，其距離即定義為 1 秒差距 (1pc  =  3.09 × 1013  km) 。若我們已知紅超巨星「心宿二」的直徑大約是6.32 AU，其對應的角度是 0.0413 角秒，請問心宿二距離地球大約多少秒差距？,1.53 pc,15.3 pc,153 pc,1530 pc,3
90,月亮不會從天上掉下來或直接撞上地球，其原因為何種作用力？,離心力,磁力,萬有引力,科氏力,1
91,有關星等的描述，下列哪一選項是錯誤的？,星等每相差 5 等，亮度相差 100 倍,恆星越亮，星等的數值越大,裸眼能看見的最暗星約為 6 等星,拜耳主要是依據恆星在各星座星等排序，為星座中的恆星命名,2
92,若是在日落時月球出現在正南方仰角 45 度的天空，則月相為何？,新月,上弦月,滿月,下弦月,2
93,太陽運行到天球座標赤經 0 h ，會是在下列哪個時間？,秋分,春分,農曆新年,端午,2
94,用於觀測星空的雙筒望遠鏡需要明亮的視野，而由雙筒望遠鏡標示的倍數 (X) 與口徑 (單位為毫米) ，可以得知其相對亮度。下列何種口徑與倍數的組合最適合用於天文觀測？,10 X 70,8 X 40,7 X 50,6 X 21,3
95,克卜勒第三運動定律說明了行星週期 p (年)與行星軌道半長軸 a (AU) 的關係：p2 = a3。已知金星與太陽的平均距離是 0.72 AU (可視為半長軸長)，請問金星繞太陽公轉一圈的週期多長？,0.32 年,0.61 年,1 年,2 年,2
96,天文航海中非常重要的三項儀器，分別是測量天體仰角的六分儀、測量時間差的航海鐘，以及記述天體位置及出沒時間的星曆表。若在北半球航海，下列哪個選項是錯誤？,使用六分儀測量北極星仰角，可得出當地緯度,使用星曆表的天體出沒時刻，比對航海鐘的時間差，可得出當地經度,北極星仰角若比出發時降低了 5 度，表示船隻往北行進了緯度 5 度,航海鐘要能保持在出發地點的時區，方便測量與當地的時間差,3
97,下列哪一選項不是閏年？,西元 1994 年,西元 2000 年,西元 2020 年,西元 2024 年,1
98,針對認識星星所參考的星群，下列那個敘述是錯誤的？,星群全都是由跨星座的亮星組成,組成星群的恆星多是裸眼可見的亮星,每個季節都有星群可以協助認識星星,有些亮星可以是兩個星群的成員,1
99,以下何者不是月偏食過程會出現的階段？,食甚,食既 ,初虧,復圓,2
100,經過一個沙羅週期，日、地、月三個天體又回到幾乎相同的幾何相對位置上，會重現相似的日食或月食現象。但下列哪種月與沙羅週期無關？,朔望月,恆星月,近點月,交點月,2
101,"有關月球的來源,目前最普遍接受的說法是哪一學說?",分裂說,捕獲說,孿生說,大碰撞說,4
102,"火星看起來色調偏紅,主要原因為何?",地表溫度高,地表溫度低,地表富含氧化鐵,大氣吸收太陽的紅光,3
103,"恆星的核心會以核融合方式產生能量,不同質量恆星核心溫度各有不同,請問太陽的核心溫度約幾度 (K) ?",5500 度,1 萬度,100 萬度,1500 萬度,4
104,"黃道光是沿著黃道或黃道帶泛出略呈三角形的微光。在臺灣,最容易在黃昏時看到黃道光的時段是?",春分,夏至,秋分,冬至,1
105,關於太陽表面活動的敘述下列何者正確?,太陽表面的米粒組織是因為太陽表層的對流活動所造成,太陽黑子是因為太陽的磁場活動所造成,太陽風指的是太陽上層大氣所噴射出的超高速帶電粒子,以上皆是,4
106,第一個有人類探測器登陸的外太陽系衛星是?,土衛二 (Enceladus),土衛六 (Titan),木衛一 (Io),木衛二 (Europa),2
107,"月球繞地球公轉,每日的月出與月沒時間平均都會延後 50 分鐘,但實際上延後的時間在 30〜70 分鐘不等。下列哪一分至點月岀延後的時間最少?",春分,夏至,秋分,冬至,3
108,"在地球上觀測,下列哪顆行星不會發生「衝」的天象?",天王星,土星,木星,金星,4
109,"依據現今天文學定義,四大小行星當中有哪一顆不分類於太陽系小天體?",穀神星 (1 Ceres),智神星 (2 Pallas),婚神星 (3 Juno),灶神星 (4 Vesta),1
110,以下哪一分類小行星群其軌道最不穩定?,主帶小行星 (Main-Belt Asteroids),近地小行星 (Near-Earth Asteroids),木星特洛伊小行星 (Jupiter Trojans),海王星外天體 (Trans-Neptunian Objects),2
111,下列哪一探測任務是第一艘穿越太陽系、進入星際介質的太空船?,羅賽塔彗星探測器,伽利略號太空船,航海家一號太空船,卡西尼-惠更斯號太空船,3
112,"天王星在太空中看起來是藍色的,主要是因為太陽光中的藍光被天王星的大氣中哪一種氣體所散射?",甲烷,氫氣,二氧化碳,氦氣,1
113,"2023 年的雙子座流星雨極大期發生在臺灣時間 12 月 15 日凌晨,這天是農曆初三,觀測條件絕佳!下列哪一個是合理的 2024 年雙子座流星雨極大期日期?",10 月 21 日,12 月 3 日,12 月 14 日,12 月 27 日,3
114,"太陽在天球上移動,其軌跡會經過下列那一個星座?",烏鴉座,長蛇座,蛇夫座,巨蛇座,3
115,"2023 年土星衝發生在 8 月 27 日,依你所知的行星運行原理推論,2024 年土星衝應發生於下列哪一日期?",5 月 10 日,9 月 8 日,11 月 17 日,12 月 8 日,2
116,下列關於行星位置的描述何者正確?,"水星東大距時,可在日出前往西方低空尋找水星","金星東大距後 1 個月,金星將逐漸靠近地球,視直徑越來越大",火星衝每一年都一定會發生一次,"木星衝發生時,木星正在順行",2
117,有關火星的性質下列何者有誤?,火星上曾經有河流和海洋,火星上沒有大氣層,火星的土壤裡有發現氮、磷、硫等生命組成元素,火星上沒有覆蓋全球的磁場,2
118,下列有關月球的敘述何者有誤?,月球仍然在逐漸地遠離地球當中,月球表面曾經布滿了火山活動與流動的熔岩,月球的形成可能起因於一顆火星大小的原始行星撞上地球,月球具有像地球一樣的磁場,4
119,"銀河系中有很多的雙星系統,雙星系統是由兩顆恆星所組成的恆星系統,它們圍繞著共同的質心在軌道上運行。下列何者不是雙星系統?",心宿二,天狼星,織女星,南河三,3
120,"特洛伊天體是與一顆較大的天體共享軌道的小天體,所以較大的衛星也會有特洛伊衛星。目前已經發現哪一顆行星的衛星有特洛伊衛星?",木星,土星,天王星,海王星,2
121,"小行星中的近地小行星分成四型,下列哪一型對地球的威脅最小?",阿波羅型 (Apollo asteroid),阿登型 (Aten asteroid),阿莫爾型 (Amor asteroid),阿波希利型 (Apohele asteroid),4
122,"複合日食是一種特殊的日食現象,指同一場日食當中,部分地區可以看到日全食、部分地區可以看到日環食的現象。以下關於複合日食的描述,何者錯誤?",地表與月球最近的位置會看到日環食,位於月球本影區的位置會看到日全食,地表位在半影區的位置會看見日偏食,月球影將自西往東掠過地球表面,1
123,"用肉眼觀察天上星星,最不容易看到以下哪種顏色的星星?",藍色,紅色,綠色,白色,3
124,"離太陽最近的恆星,與地球之距離約多遠?",4 天文單位,4 秒差距,4 萬公里,4 光年,4
125,恆星死掉後不會變成下列哪種天體?,黑洞,白矮星,行星,中子星,3
126,下列主序星的質量何者最小?,藍色的角宿一,白色的織女星,黃色的太陽,紅色的巴納德星,4
127,"已知視星等 (m)、絕對星等 (M) 與距離 (d) 之間的關係為:m − M = 5 log d − 5,距離的單位是秒差距 (pc) 。現在有一顆恆星距離地球 3.6 pc (log3.6=0.56),視星等 m =+4.7 ,請問這顆恆星的絕對星等 M 為多少?",2.3,-1.7,-8.2,6.9,4
128,"以下透過恆星光譜可以得知的訊息,何者有誤?",可以測得恆星表面溫度,可以測得恆星的化學組成,可以估算恆星的年齡,可以分辨出恆星的類型是紅巨星、白矮星、還是主序星,3
129,下列有關於赫羅圖 (Hertzsprung-Russell Diagram) 的敘述何者正確?,藍超巨星位於赫羅圖左上方,白矮星位於赫羅圖的主序帶右上方,紅巨星位於赫羅圖的主序帶左下方,赫羅圖可以用來預測黑洞的大小,1
130,"雙星在英語中,Double star 和 Binary star 是不同的,主要的差別是兩星之間是否有力學上的關聯。下列那一種不一定是 Binary star ?",光學雙星,食雙星,天測雙星,共生雙星,1
131,"一顆主序星只要夠亮,能夠觀察到光譜,就可以利用分光視差 (Spectroscopic parallax)測量該星至地球的距離。利用這種方法測量極限距離大約多遠?","5,000 秒差距","10,000 秒差距","15,000 秒差距","20,000 秒差距",2
132,"如果太陽將壓縮,半徑小於多少就會變成黑洞?",3 公里,30 公里,3 公尺,3 天文單位,1
133,"已知恆星的光度與其表面積、溫度呈正比,下列何者是光度與另外兩者的正確比例?",光度與半徑的 3 次方成正比,光度與半徑的 4 次方成正比,光度與溫度的 3 次方成正比,光度與溫度的 4 次方成正比,4
134,"獵戶座大星雲 (M42) 是有名的恆星生成區,以下何者沒有在這區觀測到?",疏散星團,原恆星 (Protostar),黑洞,棕矮星,3
135,赫羅圖 (Hertzsprung-Russell Diagram) 的縱、橫座標分別為何?,絕對星等、星色,距離、光度,視差、溫度,視直徑、行星數,1
136,快速電波爆 (Fast Radio Burst) 目前認為可能跟哪種天體有關?,白矮星,紅巨星,磁星,系外行星,3
137,下列哪一恆星其表面溫度最高?,牛郎星,織女星,大角星,北極星,2
138,"原恆星 (Protostar) 是由分子雲經由重力塌縮集中下的天體,是恆星形成過程中的早期階段,以下何者尚未在原恆星系統中觀測到?",類地行星,吸積盤,噴流 (Jet),外流 (Outflow),1
139,下列何者梅西耶天體編號與其俗名搭配不符?,M31:仙女座大星系,M45:昴宿星團,M57:啞鈴星雲,M97:貓頭鷹星雲,3
140,"恆星的生命週期會因為恆星本身的物理性質而所有不同,下列敘述何者正確?",質量愈大的恆星愈慢演化成紅巨星,"質量與太陽類似的恆星,其內部最後會核融合成鐵的核心",白矮星會發光主要是來自於內部的核融合反應,"當恆星進入紅巨星的階段,核心會開始進行氦的核融合",4
141,"蒭藁型變星 (Mira variable,米拉變星) 是一種脈動變星。特徵是恆星的顏色非常紅,變光週期超過 100 天,而且光度變化超過一個視星等。在恆星演化的赫羅圖上它們的類別是?",早期的紅巨星,漸近巨星支星,水平分支星,紅群聚,2
142,"太陽是一顆年齡約 50 億歲的中年主序星,光譜類型為 G2V。依據恆星演化理論,它在主序帶上還有 50 億年的歲月,然後離開主序帶。請問當它在即將離開主序帶時的光譜為何種類型?",最高溫的 O 或 B 型,高溫的 A 或 F 型,G 型,低溫的 K 或 M 型,3
143,"M1 蟹狀星雲是梅西耶星雲星團列表裡非常著名的星雲,下列對於蟹狀星雲的的描述何者正確?",蟹狀星雲是超新星爆炸的遺跡,蟹狀星雲的中央是一個脈衝星,蟹狀星雲中央有一個高速自轉的中子星,以上皆是,4
144,"銀河系周圍有許多伴星系,離我們最近的是?",人馬座矮橢球星系,小麥哲倫星系,人馬座矮不規則星系,仙女座大星系,1
145,"星系中可見諸多由恆星聚集在一起的集團稱為星團。一般認為,同一個星團裡的恆星,何者性質接近?",同時間誕生,有類似的顏色,質量差不多,演化階段一樣,1
146,"若用恆星的生成與消亡作分類,下列何者天體與其他三者差異最大?",M42 獵戶座大星雲,NGC 6960 面紗星雲,M1 蟹狀星雲,NGC 7293 螺旋星雲,1
147,"銀河系的組成中,質量佔比最高的是?",恆星,氣體,塵埃,暗物質,4
148,"梅西耶星雲星團列表中有很多著名的恆星生成區,下列何者不是恆星生成區?",M57 行星狀星雲,M42 獵戶座大星雲,M20 三裂星雲,M16 老鷹星雲,1
149,愛德溫·鮑威爾·哈伯 (Edwin Powell Hubble) 使用哪一種變星證明了 M31 不在我們的銀河系內?,食變星,米拉變星,造父變星,Ia 型超新星,3
150,"藍掉隊星 (Blue straggler,藍離散星)是在星團的赫羅圖中,比拐點恆星更亮和更藍的恆星。目前的主流理論認為它們是?",被該星團捕獲的恆星,星團中的恆星合併,星團中較晚誕生的年輕恆星,只是前景或同視場中的恆星,2
151,"關於銀河系在太空中的真實樣貌,下列的描述何者正確?",銀河系是一個橢圓星系,銀河系屬於一種活躍星系,銀河系的樣貌是經由氫原子發出的 21 公分譜線所推算出來的,銀河系未來會與它最近的鄰居三角座星系相互碰撞,3
152,"2020 的諾貝爾物理獎,其中有一半是表揚銀河系中心超大質量黑洞的發現。下列對於銀河系中心超大質量黑洞的敘述何者正確?",超大質量黑洞的質量為太陽的 1000 萬倍,第一張銀河系中心超大質量黑洞的影像是由可見光望遠鏡所拍攝到的,此黑洞的質量是由繞行在黑洞周圍的恆星軌道運動所推算出來的,銀河系的中心位置處於天空中的獅子座,3
153,"星團赫羅圖是研究恆星演化的利器,比對主序帶與恆星離開主序帶的轉離點 (Turn-off point),可以獲知何種訊息?",星團的年齡,星團的距離,星團的化學組成,星團的成員多寡,1
154,"比較橢圓星系與螺旋星系的基本性質,下列何者有誤?",橢圓星系內部的氣體和塵埃比螺旋星系少很多,橢圓星系裡的恆星年齡平均比螺旋星系裡的恆星年老,橢圓星系裡的恆星運動是以固定軌道繞著星系中心運行,螺旋星系的中央都有一個超大質量黑洞,3
155,"依據星系的哈伯分類法,我們的銀河系是屬於哪一分類?",橢圓星系,螺旋星系,棒旋星系,不規則星系,3
156,"若要測量鄰近星系的距離,下列何者方式可能最不適用?",測量星系中的造父變星光變週期,測量星系中的食雙星得出絕對星等,觀測星系中的超新星爆炸得到絕對星等,觀測星系的光度紅移程度,4
157,針對球狀星團的敘述何者不正確?,"在一個星系中,球狀星團的數量比疏散星團多",越大的星系擁有的球狀星團越多,球狀星團的恆星向星團核心高度集中,球狀星團多數分布在星系暈中,1
158,"宇宙微波背景輻射是證實宇宙大霹靂理論非常重要的證據,下列關於宇宙微波背景輻射的敘述何者正確?","全天的宇宙微波背景輻射溫度都相同,沒有絲毫溫度差異",宇宙微波背景輻射曲線與 2.73K 的黑體輻射曲線相同,第一台升空的宇宙微波背景輻射探測器為普朗克衛星,"我們以宇宙微波背景輻射探測器的數據所推算出來的宇宙組成中,23%是一般物質,73%是暗物質,4%是暗能量",2
159,"宇宙的組成中,佔比最高的是?",恆星,氣體,暗能量,暗物質,3
160,"2019 年,人類拍到第一張黑洞的影像,這個黑洞位於橢圓星系 M87 的中央,下列有關這個黑洞的敘述何者正確?",這是個恆星質量等級的黑洞,這個黑洞處在一個活躍星系核的中心,這個黑洞是個不具有吸積盤的特殊黑洞,這個黑洞沒有偵測到噴流的現象,2
161,"2022 年,事件視界望遠鏡公布第二張黑洞照片,該黑洞位於?",銀河系中心,M87 星系,M31 星系,類星體 3C279,1
162,"國際太空站寬度約 100 公尺,軌道高度約 400 公里,當國際太空站從正天頂通過時,其視直徑約有多大?",50 角分,5 角分,50 角秒,5 角秒,3
163,請依出版年份先後排序下列天文學家著作: (a) 牛頓《自然哲學的數學原理》 (b) 克卜勒《新天文學》 (c) 第谷《新天文學儀器》 (d) 伽利略《星際信使》,c-d-b-a,b-c-a-d,c-d-b-a,c-b-d-a,4
164,"恆星的拜耳命名法被認為是依照恆星的亮度來命名,所以星座中最亮的恆星通常是α 星,下列那個星座的最亮星不是該星座的 α 星?",獅子座,天蠍座,天鵝座,雙子座,4
165,"臺灣目前參與許多國際大型望遠鏡的建造及營運,其中位於北極的格陵蘭望遠鏡,其主要觀測目標是?",太陽系天體,恆星生成區,系外行星,黑洞,4
166,臺灣首座通過國際暗天協會 (IDA) 認證的暗空公園位在何處?,澎湖縣七美,南投縣合歡山,南投縣玉山塔塔加,屏東縣旭海,2
167,"眾所周知彗星是以發現者的名字來命名,但下列那一顆彗星不是以發現者的名字命名的?",恩克彗星 (Comet Encke),威斯特彗星 (Comet West),百武彗星 (Comet Hyakutake),麥克諾特彗星 (Comet McNaught),1
168,"宇宙中可以用來測量距離的方法有下列幾種: (a) 造父變星 (b) Ia 型超新星 (c) 視差法 (d) 哈伯-勒梅特定律,請問這些方法所適用的距離由小到大排序為何?",c-b-a-d,a-b-c-d,c-a-b-d,d-c-a-b,3
169,"內行星在大距時,透過天文望遠鏡觀測會呈現何種形狀?",眉月形,弦月形,凸月形,滿月,2
170,"某折射式望遠鏡的焦距為 530mm、口徑 106mm,下列何者正確?",放大倍率為 5 倍,焦比為 f/5,集光力為肉眼 (口徑 7mm) 的 75 倍,極限星等為 10.6 等,2
171,"目前人類對於暗物質的觀測都是間接的,下列哪個不是用來證實暗物質存在的觀測方法?",星系團的重力透鏡效應,螺旋星系外圍的恆星旋轉速度,后髮座星系團裡的星系移動速度,星系中央黑洞的自旋速度,4
172,"詹姆斯·韋伯太空望遠鏡是一台非常強大的紅外線太空望遠鏡,紅外線對於觀測宇宙有什麼優勢?下列何者正確?","紅外線可以偵測到更暗更冷的天體,像是遙遠的系外行星","紅外線可以穿透充滿塵埃和氣體的分子雲,讓我們得以研究恆星演化的細節","紅外線可以讓我們偵測到宇宙發出的第一道光, 並研究早期宇宙的星系演化",以上皆是,4
173,"宇宙微波背景輻射的光子穿越星系團中的高能電子,發生逆康普頓散射而導致觀測到的微波背景輻射被小幅度地加溫的現象,稱為什麼?",SZ 效應 (Sunyaev-Zel'dovich effect),Λ-冷暗物質模型 (ΛCDM),萊曼斷裂星系 (Lyman-break galaxy),禁制譜線 (Forbidden Lines),1
174,"截至目前,哪一個國家的太空船曾經成功在月球的背面著陸?",美國,蘇聯,中國,印度,3
175,"當使用天文望遠鏡攝影時,使用同一部相機,但更換到焦長更長的望遠鏡時,會得到什麼結果?",視野變得更廣,每個畫素所佔的角度變小,天體的視直徑變得更小,不啟動追蹤時天體移動的角速度變得更慢,2
176,"中研院合作興建的次毫米波陣列 (SMA)望遠鏡一共有 8 座天線,它座落於何處?",臺灣鹿林前山,夏威夷毛納基峰,智利阿塔卡瑪沙漠,美國威爾遜山,2
177,"2006 年 8 月國際天文學聯合會正式定義與重新分類太陽系的天體,新增了矮行星的分類。造成這種改變的主因之一是哪一顆矮行星?",穀神星,鳥神星,鬩神星,妊神星,3
178,"小行星是太陽系中可以用人名命名的天體,但哪一種身分的人命名受到限制?",科學家,政治家,藝術家,文學家,2
179,對黃道 12 星座和黃道 12 宮的敘述何者不正確?,"黃道 12 宮的每一宮在黃道有相同的經度跨度,黃道 12 星座的經度跨度則不同",春分點會在黃道星座中移動,"白羊宮是 12 宮之首,決定了春分點的位置",黃道 12 宮起源於巴比倫的占星術,3
180,"下列天體的視直徑大小,何者明顯不合理?",木星:49 角秒,月球:33 角分,天王星:3.7 角秒,銀河系中心黑洞:0.8 角秒,4
181,"電磁波的波長與頻率的關係:νλ = c,ν是頻率 (單位 Hz,即 1/s),λ是波長 (單位m),c 是光速 (3 × 108 m/s)。已知氫原子在太空中會輻射出波長 21 公分的無線電波,請問這電波的頻率是多少?",1500 kHz,230 MHz,1420 MHz,5500 MHz,3
182,"維恩定律 (Wien's law) 描述黑體輻射光譜的峰值波長與其溫度的關係:λmax =0.0029/T(K·m)。我們的太陽表面溫度大約 5800K,請問太陽表面溫度的黑體輻射峰值所在的波長大約是多少?",500 nm,700 nm,900 nm,1200 nm,1
183,"巴耳曼光譜系 (Balmer series) 是很常見的氫原子光譜發射譜線系列,主要是因為電子吸收光子能量進入激發態,之後再回到主量子數 n=2 的量子狀態時所釋放出的譜線。Hα 譜線就是常見的巴耳曼系譜線,例如我們所熟悉獵戶座大星雲中就可以偵測到大量的Hα 譜線。請問Hα 譜線是電子從主量子數 n 多少跳回 n=2?",n=6,n=5,n=4,n=3,4
184,"請依軌道與地表高度,由近至遠排列下列人造天體: (a)哈伯太空望遠鏡 (b)國際太空站 (c)詹姆斯·韋伯太空望遠鏡 (d)向日葵八號氣象衛星",a-b-c-d,b-a-c-d,b-d-a-c,b-a-d-c,4
